<?xml version="1.0" encoding="UTF-8"?>
<assembly
  xmlns="http://maven.apache.org/plugins/maven-assembly-plugin/assembly/1.1.2"
  xmlns:xsi="http://www.w3.org/2001/XMLSchema-instance"
  xsi:schemaLocation="http://maven.apache.org/plugins/maven-assembly-plugin/assembly/1.1.2 http://maven.apache.org/xsd/assembly-1.1.2.xsd">
  <id>dist</id>
  <formats>
    <format>tar.gz</format>
  </formats>
  <includeBaseDirectory>false</includeBaseDirectory>

  <fileSets>
    <fileSet>
      <directory>${basedir}</directory>
      <includes>
        <include>README*</include>
        <include>LICENSE*</include>
        <include>NOTICE*</include>
      </includes>
    </fileSet>

    <fileSet>
      <directory>${basedir}/src/main/config</directory>
      <includes>
        <include>*.properties</include>
      </includes>
      <outputDirectory>config</outputDirectory>
      <filtered>true</filtered> <!-- expand the YARN package path -->
    </fileSet>

    <fileSet>
      <directory>${basedir}/src/main/resources</directory>
      <includes>
        <include>log4j.xml</include>
      </includes>
      <outputDirectory>lib</outputDirectory>
    </fileSet>
  </fileSets>

  <dependencySets>
    <dependencySet>
      <outputDirectory>bin</outputDirectory>
      <includes>
        <include>org.apache.samza:samza-shell:tgz:dist:*</include>
      </includes>
      <fileMode>0755</fileMode>
      <unpack>true</unpack>
    </dependencySet>

    <dependencySet>
      <outputDirectory>lib</outputDirectory>
      <includes>
	<include>org.apache.hadoop:hadoop-hdfs</include>
      </includes>
      <useTransitiveFiltering>true</useTransitiveFiltering>
    </dependencySet>

    <dependencySet>
      <outputDirectory>lib</outputDirectory>
      <useTransitiveFiltering>true</useTransitiveFiltering>
    </dependencySet>
  </dependencySets>
</assembly>
